"Date","Price","Open","High","Low","Vol.","Change %"
"08/08/2025","30,613.45","30,845.65","30,923.30","30,583.30","","-0.87%"
"08/07/2025","30,882.75","30,670.35","30,931.55","30,518.70","","0.15%"
"08/06/2025","30,837.25","31,022.05","31,034.10","30,801.85","","-0.52%"
"08/05/2025","30,997.50","31,042.75","31,062.95","30,881.30","","0.00%"
"08/04/2025","30,998.80","30,710.65","31,017.15","30,647.95","","1.10%"
"08/01/2025","30,660.35","30,959.25","30,988.40","30,615.05","","-1.08%"
"07/31/2025","30,995.90","30,813.95","31,235.95","30,809.60","","-0.30%"
"07/30/2025","31,088.95","31,144.25","31,172.15","31,025.20","","-0.05%"
"07/29/2025","31,104.55","30,865.65","31,138.30","30,843.85","","0.57%"
"07/28/2025","30,927.15","31,076.35","31,223.30","30,881.95","","-0.65%"
"07/25/2025","31,128.45","31,352.20","31,360.70","31,068.15","","-1.02%"
"07/24/2025","31,447.65","31,648.20","31,675.60","31,388.15","","-0.54%"
"07/23/2025","31,616.95","31,536.45","31,632.35","31,487.55","","0.48%"
"07/22/2025","31,464.40","31,645.30","31,662.05","31,435.40","","-0.24%"
"07/21/2025","31,540.25","31,443.95","31,569.05","31,264.40","","0.30%"
"07/18/2025","31,445.10","31,622.85","31,645.25","31,357.90","","-0.44%"
"07/17/2025","31,584.90","31,672.90","31,707.30","31,569.95","","-0.20%"
"07/16/2025","31,648.70","31,640.85","31,707.75","31,536.25","","-0.02%"
"07/15/2025","31,655.40","31,535.15","31,691.00","31,463.30","","0.55%"
"07/14/2025","31,483.70","31,541.35","31,549.80","31,384.10","","-0.16%"
"07/11/2025","31,533.90","31,679.15","31,774.05","31,496.85","","-0.72%"
"07/10/2025","31,761.00","31,924.75","31,952.15","31,741.85","","-0.43%"
"07/09/2025","31,898.40","31,944.65","31,995.45","31,840.10","","-0.15%"
"07/08/2025","31,944.80","31,907.90","31,972.15","31,817.10","","0.08%"
"07/07/2025","31,920.30","31,927.35","31,971.30","31,849.85","","-0.05%"
"07/04/2025","31,936.75","31,957.10","31,988.95","31,807.50","","-0.05%"
"07/03/2025","31,954.30","32,061.15","32,164.35","31,930.45","","-0.17%"
"07/02/2025","32,008.60","32,083.90","32,122.20","31,917.20","","-0.17%"
"07/01/2025","32,062.90","32,120.40","32,156.65","32,000.35","","0.03%"
"06/30/2025","32,053.75","32,192.40","32,203.05","31,980.90","","-0.23%"
"06/27/2025","32,126.80","32,073.85","32,169.05","32,003.60","","0.37%"
"06/26/2025","32,009.75","31,710.45","32,022.15","31,688.15","","1.08%"
"06/25/2025","31,667.10","31,584.05","31,702.35","31,575.15","","0.68%"
"06/24/2025","31,451.90","31,596.80","31,755.05","31,424.15","","0.40%"
"06/23/2025","31,325.15","31,203.90","31,434.25","31,068.20","","-0.23%"
"06/20/2025","31,398.50","31,051.85","31,432.40","31,033.75","","1.14%"
"06/19/2025","31,044.45","31,089.75","31,160.30","30,962.60","","-0.15%"
"06/18/2025","31,091.65","31,091.25","31,301.75","31,014.85","","-0.11%"
"06/17/2025","31,127.25","31,335.55","31,349.35","31,094.90","","-0.62%"
"06/16/2025","31,320.85","31,021.60","31,347.35","30,938.05","","0.96%"
"06/13/2025","31,022.20","30,663.00","31,062.25","30,663.00","","-0.54%"
"06/12/2025","31,190.85","31,602.60","31,632.70","31,130.20","","-1.14%"
"06/11/2025","31,550.95","31,565.35","31,670.70","31,491.60","","0.08%"
"06/10/2025","31,526.35","31,580.85","31,594.85","31,448.95","","0.26%"
"06/09/2025","31,444.25","31,403.55","31,454.70","31,326.10","","0.68%"
"06/06/2025","31,231.95","30,903.75","31,239.70","30,786.20","","1.21%"
"06/05/2025","30,860.00","30,830.40","31,042.35","30,720.40","","0.43%"
"06/04/2025","30,727.70","30,662.90","30,760.25","30,628.50","","0.26%"
"06/03/2025","30,648.40","30,959.70","31,037.65","30,604.65","","-0.75%"
"06/02/2025","30,879.00","30,845.35","30,931.45","30,722.25","","-0.09%"
"05/30/2025","30,907.30","31,068.85","31,177.10","30,885.50","","-0.65%"
"05/29/2025","31,108.40","31,091.15","31,165.40","30,939.85","","0.37%"
"05/28/2025","30,993.40","31,201.40","31,210.55","30,972.55","","-0.47%"
"05/27/2025","31,139.75","31,265.20","31,363.25","30,984.60","","-0.45%"
"05/26/2025","31,280.15","31,180.15","31,361.35","31,167.20","","0.57%"
"05/23/2025","31,102.25","30,823.10","31,163.90","30,798.85","","1.10%"
"05/22/2025","30,765.35","30,939.30","30,941.00","30,566.65","","-0.83%"
"05/21/2025","31,022.35","30,902.75","31,190.20","30,822.45","","0.57%"
"05/20/2025","30,845.60","31,337.60","31,338.85","30,821.30","","-1.19%"
"05/19/2025","31,218.25","31,306.05","31,397.20","31,192.25","","-0.22%"
"05/16/2025","31,285.65","31,299.65","31,346.00","31,154.65","","0.01%"
"05/15/2025","31,282.25","30,752.90","31,338.65","30,522.55","","1.82%"
"05/14/2025","30,722.40","30,592.50","30,800.35","30,496.25","","0.61%"
"05/13/2025","30,536.95","30,807.40","30,925.40","30,488.90","","-0.98%"
"05/12/2025","30,837.75","30,304.75","30,858.75","30,247.85","","3.63%"
"05/09/2025","29,757.65","29,473.35","29,853.50","29,473.35","","-0.69%"
"05/08/2025","29,964.80","30,229.70","30,262.35","29,800.35","","-0.91%"
"05/07/2025","30,238.75","29,888.10","30,277.75","29,882.10","","0.22%"
"05/06/2025","30,172.60","30,417.20","30,431.90","30,111.90","","-0.62%"
"05/05/2025","30,360.05","30,213.15","30,412.00","30,194.05","","0.77%"
"05/02/2025","30,128.15","30,144.35","30,528.50","29,974.15","","-0.27%"
"04/30/2025","30,209.55","30,236.75","30,295.00","30,074.45","","-0.21%"
"04/29/2025","30,271.90","30,400.30","30,472.70","30,201.50","","-0.14%"
"04/28/2025","30,314.80","29,978.55","30,345.25","29,968.30","","0.91%"
"04/25/2025","30,040.65","30,497.00","30,591.00","29,789.25","","-1.26%"
"04/24/2025","30,424.10","30,421.85","30,527.80","30,346.65","","-0.04%"
"04/23/2025","30,434.95","30,341.75","30,446.20","30,067.40","","1.03%"
"04/22/2025","30,124.00","30,214.65","30,238.50","30,046.95","","-0.17%"
"04/21/2025","30,173.85","29,870.35","30,242.90","29,728.50","","1.29%"
"04/17/2025","29,789.65","29,323.65","29,825.25","29,128.90","","1.29%"
"04/16/2025","29,411.05","29,177.25","29,425.80","29,108.00","","0.65%"
"04/15/2025","29,222.45","29,171.80","29,256.15","28,958.05","","2.23%"
"04/11/2025","28,584.15","28,494.30","28,675.80","28,423.55","","2.10%"
"04/09/2025","27,997.50","28,079.60","28,120.95","27,898.70","","-0.63%"
"04/08/2025","28,175.10","28,043.50","28,315.65","27,794.35","","2.01%"
"04/07/2025","27,618.80","26,913.25","27,729.00","26,907.05","","-3.26%"
"04/04/2025","28,550.75","29,067.75","29,090.05","28,474.50","","-2.18%"
"04/03/2025","29,185.55","29,008.50","29,252.25","29,001.05","","-0.10%"
"04/02/2025","29,215.55","29,065.25","29,242.30","28,928.05","","0.72%"
"04/01/2025","29,006.75","29,063.25","29,402.20","28,947.75","","-0.72%"
"03/28/2025","29,215.85","29,385.55","29,490.30","29,116.70","","-0.56%"
"03/27/2025","29,379.50","29,121.15","29,452.55","29,088.70","","0.58%"
"03/26/2025","29,210.65","29,457.40","29,513.80","29,180.30","","-0.69%"
"03/25/2025","29,414.60","29,587.95","29,661.90","29,320.85","","-0.18%"
"03/24/2025","29,466.45","29,329.20","29,547.30","29,235.50","","1.08%"
"03/21/2025","29,151.45","28,984.65","29,244.30","28,910.45","","0.80%"
"03/20/2025","28,920.55","28,777.80","28,955.10","28,640.25","","1.13%"
"03/19/2025","28,596.30","28,526.20","28,644.95","28,416.40","","0.57%"
"03/18/2025","28,433.25","28,200.40","28,455.40","28,109.70","","1.45%"
"03/17/2025","28,027.90","27,806.00","28,129.70","27,806.00","","0.67%"
"03/13/2025","27,841.60","28,079.05","28,100.00","27,817.75","","-0.53%"
"03/12/2025","27,989.25","28,087.95","28,146.60","27,787.15","","-0.23%"
"03/11/2025","28,054.50","27,889.30","28,087.80","27,826.90","","-0.18%"
"03/10/2025","28,105.40","28,256.20","28,461.90","28,061.55","","-0.66%"
"03/07/2025","28,291.40","28,305.80","28,429.00","28,236.45","","-0.10%"
"03/06/2025","28,321.10","28,190.70","28,350.95","27,931.40","","1.12%"
"03/05/2025","28,008.70","27,530.20","28,048.20","27,524.10","","1.63%"
"03/04/2025","27,558.90","27,391.25","27,615.55","27,327.60","","-0.25%"
"03/03/2025","27,628.80","27,615.10","27,733.40","27,393.05","","0.32%"
"02/28/2025","27,541.90","28,109.65","28,109.95","27,512.65","","-2.41%"
"02/27/2025","28,222.50","28,272.35","28,334.80","28,139.15","","-0.11%"
"02/25/2025","28,252.95","28,297.50","28,390.15","28,215.40","","-0.24%"
"02/24/2025","28,322.20","28,317.30","28,449.95","28,279.70","","-0.88%"
"02/21/2025","28,574.30","28,681.60","28,771.85","28,454.65","","-0.53%"
"02/20/2025","28,727.45","28,499.80","28,749.05","28,490.60","","0.41%"
"02/19/2025","28,611.15","28,466.55","28,752.60","28,417.75","","-0.02%"
"02/18/2025","28,617.80","28,637.20","28,688.00","28,405.95","","-0.05%"
"02/17/2025","28,630.80","28,387.45","28,650.65","28,191.05","","0.49%"
"02/14/2025","28,490.85","28,855.95","28,899.30","28,287.90","","-1.00%"
"02/13/2025","28,779.85","28,766.55","29,048.75","28,683.00","","0.12%"
"02/12/2025","28,745.25","28,737.15","28,903.75","28,342.40","","0.08%"
"02/11/2025","28,723.30","29,194.15","29,203.35","28,613.70","","-1.64%"
"02/10/2025","29,201.80","29,490.30","29,514.70","29,115.80","","-0.95%"
"02/07/2025","29,482.20","29,494.60","29,604.70","29,260.90","","0.19%"
"02/06/2025","29,427.00","29,679.55","29,693.25","29,401.85","","-0.55%"
"02/05/2025","29,591.10","29,677.40","29,714.05","29,566.25","","-0.09%"
"02/04/2025","29,617.60","29,433.60","29,633.35","29,269.80","","1.23%"
"02/03/2025","29,256.65","29,243.55","29,290.00","29,041.15","","-0.51%"
"02/01/2025","29,407.35","29,470.45","29,592.60","29,179.20","","-0.08%"
"01/31/2025","29,429.95","29,052.80","29,487.60","29,017.55","","1.54%"
"01/30/2025","28,984.55","28,921.50","29,164.30","28,841.05","","0.32%"
"01/29/2025","28,892.40","28,610.50","28,922.65","28,537.50","","1.26%"
"01/28/2025","28,532.80","28,604.65","28,772.80","28,327.45","","0.14%"
"01/27/2025","28,493.75","28,741.20","28,797.65","28,431.75","","-1.44%"
"01/24/2025","28,909.10","29,074.30","29,277.85","28,847.30","","-0.64%"
"01/23/2025","29,094.45","28,874.95","29,177.50","28,820.40","","0.55%"
"01/22/2025","28,934.15","28,956.70","28,979.70","28,717.10","","0.24%"
"01/21/2025","28,863.95","29,288.95","29,361.20","28,837.70","","-1.18%"
"01/20/2025","29,209.15","29,169.40","29,245.90","28,945.45","","0.58%"
"01/17/2025","29,039.85","28,998.05","29,156.35","28,855.70","","0.07%"
"01/16/2025","29,018.55","29,122.40","29,154.60","28,986.40","","0.54%"
"01/15/2025","28,861.35","28,973.20","29,008.60","28,780.40","","0.04%"
"01/14/2025","28,849.00","28,722.35","28,964.35","28,709.90","","0.82%"
"01/13/2025","28,613.90","28,917.65","29,047.30","28,547.95","","-1.95%"
"01/10/2025","29,181.50","29,405.45","29,479.10","29,074.15","","-0.79%"
"01/09/2025","29,413.00","29,594.50","29,604.25","29,386.70","","-0.60%"
"01/08/2025","29,589.10","29,690.25","29,694.45","29,357.85","","-0.15%"
"01/07/2025","29,634.00","29,574.05","29,764.05","29,560.15","","0.46%"
"01/06/2025","29,498.30","30,088.65","30,097.70","29,393.75","","-1.74%"
"01/03/2025","30,020.60","30,133.35","30,173.75","29,983.70","","-0.31%"
"01/02/2025","30,112.95","29,531.85","30,146.80","29,471.20","","2.22%"
"01/01/2025","29,460.00","29,340.00","29,539.85","29,234.25","","0.35%"
"12/31/2024","29,357.10","29,223.65","29,412.95","29,108.30","","0.14%"
"12/30/2024","29,317.25","29,468.60","29,560.75","29,262.35","","-0.50%"
"12/27/2024","29,464.70","29,477.50","29,671.85","29,442.05","","0.19%"
"12/26/2024","29,410.20","29,370.65","29,458.35","29,279.95","","0.32%"
"12/24/2024","29,315.60","29,381.65","29,544.10","29,289.95","","-0.15%"
"12/23/2024","29,359.95","29,396.40","29,564.35","29,253.30","","0.52%"
"12/20/2024","29,209.15","29,710.80","29,840.95","29,140.30","","-1.62%"
"12/19/2024","29,691.15","29,472.85","29,723.30","29,468.55","","-0.62%"
"12/18/2024","29,875.35","29,998.85","30,106.40","29,810.40","","-0.49%"
"12/17/2024","30,022.05","30,386.50","30,425.00","29,980.75","","-1.40%"
"12/16/2024","30,449.40","30,568.60","30,622.95","30,345.35","","-0.40%"
"12/13/2024","30,571.75","30,304.20","30,598.40","29,912.75","","0.63%"
"12/12/2024","30,379.80","30,523.65","30,563.50","30,345.85","","-0.46%"
"12/11/2024","30,518.85","30,468.55","30,562.55","30,429.55","","0.31%"
"12/10/2024","30,423.50","30,506.35","30,525.35","30,315.35","","-0.09%"
"12/09/2024","30,450.45","30,506.65","30,552.45","30,358.75","","-0.29%"
"12/06/2024","30,539.55","30,584.35","30,606.65","30,454.40","","0.02%"
"12/05/2024","30,532.25","30,377.55","30,700.60","30,041.90","","0.79%"
"12/04/2024","30,293.55","30,389.50","30,482.65","30,164.40","","-0.15%"
"12/03/2024","30,337.80","30,229.35","30,363.65","30,143.70","","0.75%"
"12/02/2024","30,110.75","29,929.30","30,140.40","29,810.15","","0.67%"
"11/29/2024","29,910.20","29,705.65","30,004.75","29,705.65","","0.83%"
"11/28/2024","29,663.15","30,138.00","30,198.40","29,606.80","","-1.50%"
"11/27/2024","30,113.70","30,015.85","30,222.75","29,936.85","","0.41%"
"11/26/2024","29,989.95","30,168.60","30,193.20","29,922.95","","-0.29%"
"11/25/2024","30,077.90","30,149.60","30,302.70","30,012.40","","1.10%"
"11/22/2024","29,751.20","29,126.25","29,812.40","29,042.55","","2.29%"
"11/21/2024","29,085.40","29,292.65","29,322.70","29,023.40","","-1.29%"
"11/19/2024","29,465.45","29,507.60","29,787.40","29,408.55","","0.18%"
"11/18/2024","29,411.25","29,591.65","29,604.15","29,268.40","","-0.31%"
"11/14/2024","29,502.15","29,595.65","29,728.30","29,428.00","","-0.31%"
"11/13/2024","29,592.95","29,938.35","29,996.85","29,532.45","","-1.47%"
"11/12/2024","30,035.30","30,516.15","30,554.60","29,975.85","","-1.27%"
"11/11/2024","30,421.00","30,445.45","30,700.45","30,329.00","","-0.43%"
"11/08/2024","30,550.95","30,652.20","30,735.05","30,450.80","","-0.22%"
"11/07/2024","30,617.50","31,084.85","31,088.80","30,583.25","","-1.30%"
"11/06/2024","31,020.80","30,775.60","31,081.30","30,626.40","","1.16%"
"11/05/2024","30,664.00","30,325.35","30,693.00","30,218.95","","0.93%"
"11/04/2024","30,382.90","30,859.20","30,859.65","30,107.05","","-1.36%"
"11/01/2024","30,802.50","30,841.65","30,880.40","30,770.60","","0.48%"
"10/31/2024","30,656.65","30,853.70","30,881.20","30,607.75","","-0.41%"
"10/30/2024","30,784.30","30,768.65","31,006.45","30,681.90","","-0.26%"
"10/29/2024","30,864.60","30,781.10","30,884.35","30,369.70","","0.41%"
"10/28/2024","30,737.70","30,540.80","30,879.60","30,347.05","","0.82%"
"10/25/2024","30,488.45","30,966.25","30,973.15","30,341.25","","-1.57%"
"10/24/2024","30,975.35","31,076.70","31,123.50","30,917.10","","-0.31%"
"10/23/2024","31,070.15","31,052.00","31,322.55","30,982.15","","-0.24%"
"10/22/2024","31,145.25","31,655.55","31,722.00","31,103.95","","-1.58%"
"10/21/2024","31,645.10","31,986.30","32,032.25","31,554.65","","-0.84%"
"10/18/2024","31,912.90","31,683.75","31,964.45","31,497.30","","0.54%"
"10/17/2024","31,741.55","32,195.00","32,202.65","31,710.70","","-1.28%"
"10/16/2024","32,154.00","32,252.70","32,312.85","32,030.55","","-0.39%"
"10/15/2024","32,279.10","32,532.85","32,551.45","32,219.75","","-0.44%"
"10/14/2024","32,423.35","32,380.65","32,462.95","32,334.05","","0.44%"
"10/11/2024","32,280.05","32,252.80","32,336.50","32,179.50","","0.10%"
"10/10/2024","32,247.45","32,408.65","32,488.75","32,200.40","","-0.14%"
"10/09/2024","32,292.20","32,324.20","32,557.40","32,246.40","","0.16%"
"10/08/2024","32,241.75","31,976.25","32,284.00","31,831.15","","0.75%"
"10/07/2024","32,001.35","32,451.25","32,499.75","31,856.25","","-1.05%"
"10/04/2024","32,339.50","32,569.55","32,906.00","32,259.55","","-0.95%"
"10/03/2024","32,651.15","32,911.45","33,165.05","32,607.35","","-2.06%"
"10/01/2024","33,336.30","33,339.40","33,449.30","33,242.25","","-0.04%"
"09/30/2024","33,349.90","33,582.40","33,694.25","33,319.55","","-0.97%"
"09/27/2024","33,676.90","33,641.35","33,780.95","33,588.00","","0.29%"
"09/26/2024","33,581.05","33,244.60","33,620.00","33,215.20","","1.14%"
"09/25/2024","33,204.00","33,204.35","33,239.45","32,997.15","","0.04%"
"09/24/2024","33,191.00","33,186.75","33,243.45","33,136.25","","-0.02%"
"09/23/2024","33,196.05","33,113.65","33,209.80","33,069.25","","0.68%"
"09/20/2024","32,973.10","32,733.30","33,047.65","32,634.65","","1.19%"
"09/19/2024","32,584.15","32,756.55","32,873.10","32,514.20","","-0.04%"
"09/18/2024","32,598.50","32,711.40","32,735.80","32,439.20","","-0.32%"
"09/17/2024","32,704.75","32,703.75","32,760.20","32,631.90","","0.09%"
"09/16/2024","32,675.90","32,757.95","32,795.15","32,638.75","","-0.02%"
"09/13/2024","32,683.50","32,759.10","32,759.25","32,607.45","","-0.06%"
"09/12/2024","32,704.50","32,266.35","32,754.65","32,143.10","","1.97%"
"09/11/2024","32,072.55","32,232.90","32,336.65","32,011.85","","-0.48%"
"09/10/2024","32,228.30","32,198.65","32,341.40","32,035.10","","0.39%"
"09/09/2024","32,103.10","32,044.90","32,128.65","31,897.95","","0.07%"
"09/06/2024","32,080.20","32,346.40","32,447.90","32,011.95","","-0.89%"
"09/05/2024","32,368.00","32,506.10","32,535.35","32,345.20","","-0.22%"
"09/04/2024","32,437.95","32,260.05","32,459.30","32,256.15","","-0.32%"
"09/03/2024","32,541.35","32,578.85","32,611.00","32,507.85","","-0.01%"
"09/02/2024","32,545.50","32,583.30","32,624.35","32,482.25","","0.23%"
"08/30/2024","32,469.95","32,383.95","32,524.20","32,374.70","","0.50%"
"08/29/2024","32,309.00","32,145.75","32,356.60","32,057.65","","0.39%"
"08/28/2024","32,182.60","32,121.60","32,307.50","32,012.95","","0.26%"
"08/27/2024","32,100.45","32,119.30","32,166.30","32,071.60","","-0.05%"
"08/26/2024","32,114.95","31,981.05","32,132.60","31,895.75","","0.75%"
"08/23/2024","31,876.75","31,908.90","31,941.85","31,814.95","","0.02%"
"08/22/2024","31,871.40","31,953.40","31,954.75","31,851.85","","0.08%"
"08/21/2024","31,844.80","31,639.65","31,862.55","31,600.65","","0.63%"
"08/20/2024","31,646.15","31,531.50","31,662.10","31,473.95","","0.76%"
"08/19/2024","31,407.10","31,431.50","31,441.75","31,295.85","","0.39%"
"08/16/2024","31,284.10","30,969.60","31,312.15","30,849.15","","1.66%"
"08/14/2024","30,772.00","30,963.15","30,976.55","30,738.55","","-0.36%"
"08/13/2024","30,883.85","31,146.70","31,187.20","30,836.45","","-0.73%"
"08/12/2024","31,111.80","31,073.50","31,249.50","30,925.75","","-0.17%"
"08/09/2024","31,164.40","31,219.55","31,221.55","31,066.25","","1.09%"
"08/08/2024","30,827.25","31,119.00","31,145.60","30,778.15","","-1.09%"
"08/07/2024","31,167.10","31,075.45","31,229.40","31,027.65","","1.50%"
"08/06/2024","30,706.35","30,948.80","31,207.75","30,663.10","","-0.28%"
"08/05/2024","30,792.45","30,976.65","31,151.20","30,560.85","","-2.52%"
"08/02/2024","31,587.15","31,743.20","31,790.15","31,551.90","","-1.44%"
"08/01/2024","32,047.65","32,090.20","32,137.30","31,961.35","","0.34%"
"07/31/2024","31,940.45","31,834.35","31,989.30","31,756.90","","0.57%"
"07/30/2024","31,760.90","31,737.65","31,897.70","31,673.95","","0.11%"
"07/29/2024","31,724.75","31,869.55","31,890.35","31,631.45","","0.06%"
"07/26/2024","31,705.45","31,120.10","31,731.35","31,073.45","","2.19%"
"07/25/2024","31,025.05","30,775.30","31,050.30","30,733.10","","0.19%"
"07/24/2024","30,966.55","30,968.95","31,042.45","30,862.60","","-0.11%"
"07/23/2024","31,001.90","31,047.60","31,068.60","30,317.70","","0.12%"
"07/22/2024","30,963.60","30,793.30","31,069.60","30,707.30","","0.04%"
"07/19/2024","30,950.30","31,464.35","31,470.15","30,927.95","","-1.58%"
"07/18/2024","31,447.45","31,141.35","31,482.35","31,054.10","","0.71%"
"07/16/2024","31,226.00","31,201.75","31,279.85","31,173.25","","0.23%"
"07/15/2024","31,153.65","31,087.85","31,201.55","31,003.80","","0.58%"
"07/12/2024","30,973.30","30,876.30","31,044.45","30,813.80","","0.70%"
"07/11/2024","30,759.25","30,870.10","30,876.65","30,627.75","","0.01%"
"07/10/2024","30,757.25","30,851.50","30,859.75","30,403.45","","-0.15%"
"07/09/2024","30,802.10","30,726.10","30,818.65","30,633.00","","0.60%"
"07/08/2024","30,619.25","30,709.35","30,712.05","30,525.05","","-0.21%"
"07/05/2024","30,683.75","30,504.70","30,717.70","30,476.90","","0.58%"
"07/04/2024","30,507.65","30,590.35","30,637.25","30,476.10","","0.02%"
"07/03/2024","30,502.65","30,424.15","30,531.30","30,334.35","","0.66%"
"07/02/2024","30,302.10","30,466.95","30,476.60","30,196.35","","-0.29%"
"07/01/2024","30,390.05","30,253.75","30,414.15","30,251.40","","0.44%"
"06/28/2024","30,256.40","30,262.35","30,382.60","30,224.00","","0.12%"
"06/27/2024","30,219.90","29,949.05","30,273.05","29,891.25","","0.92%"
"06/26/2024","29,943.65","29,933.80","30,009.20","29,812.40","","0.11%"
"06/25/2024","29,911.80","29,903.10","29,935.10","29,785.75","","0.22%"
"06/24/2024","29,846.05","29,669.20","29,866.85","29,561.50","","0.21%"
"06/21/2024","29,784.70","29,977.20","30,025.00","29,716.40","","-0.30%"
"06/20/2024","29,873.20","29,920.00","29,965.25","29,733.70","","0.08%"
"06/19/2024","29,850.75","30,176.15","30,184.95","29,802.30","","-0.84%"
"06/18/2024","30,102.40","30,120.35","30,157.60","30,054.25","","0.34%"
"06/14/2024","29,999.05","29,972.15","30,031.95","29,844.70","","0.33%"
"06/13/2024","29,901.15","29,942.60","29,943.75","29,774.60","","0.56%"
"06/12/2024","29,734.55","29,749.25","29,855.55","29,691.15","","0.35%"
"06/11/2024","29,632.05","29,657.25","29,793.50","29,544.50","","0.20%"
"06/10/2024","29,571.80","29,623.90","29,711.70","29,480.75","","0.15%"
"06/07/2024","29,526.80","28,943.75","29,561.65","28,906.75","","2.06%"
"06/06/2024","28,930.90","28,904.55","29,070.55","28,689.75","","0.77%"
"06/05/2024","28,709.70","27,989.10","28,769.35","27,518.05","","3.62%"
"06/04/2024","27,706.85","29,263.85","29,263.85","26,785.05","","-5.50%"
"06/03/2024","29,320.85","29,496.70","29,498.55","29,211.35","","2.90%"
"05/31/2024","28,493.30","28,590.15","28,662.30","28,400.25","","0.12%"
"05/30/2024","28,459.85","28,806.20","28,876.55","28,354.95","","-1.52%"
"05/29/2024","28,899.90","28,934.25","29,036.40","28,870.10","","-0.50%"
"05/28/2024","29,046.30","29,111.05","29,144.05","28,989.95","","0.00%"
"05/27/2024","29,045.45","29,245.75","29,251.15","28,991.60","","-0.23%"
"05/24/2024","29,112.10","29,150.25","29,260.35","29,075.10","","-0.25%"
"05/23/2024","29,184.95","28,800.70","29,214.05","28,681.70","","1.43%"
"05/22/2024","28,774.40","28,809.15","28,809.15","28,578.50","","0.23%"
"05/21/2024","28,708.60","28,458.75","28,754.30","28,458.75","","0.62%"
"05/18/2024","28,531.60","28,531.60","28,531.60","28,531.60","","0.19%"
"05/17/2024","28,476.85","28,436.50","28,528.20","28,353.20","","0.26%"
"05/16/2024","28,402.35","28,311.05","28,442.85","27,914.45","","0.82%"
"05/15/2024","28,170.10","28,225.45","28,309.65","28,090.50","","0.07%"
"05/14/2024","28,151.65","28,015.85","28,213.70","27,948.45","","0.67%"
"05/13/2024","27,963.85","27,913.10","28,001.95","27,576.25","","0.23%"
"05/10/2024","27,898.65","27,771.95","27,969.50","27,701.90","","0.77%"
"05/09/2024","27,684.25","28,135.75","28,209.25","27,646.50","","-1.68%"
"05/08/2024","28,157.95","28,040.80","28,228.45","27,942.10","","0.15%"
"05/07/2024","28,116.70","28,420.00","28,426.15","27,996.80","","-0.74%"
"05/06/2024","28,327.55","28,555.65","28,565.15","28,197.65","","-0.31%"
"05/03/2024","28,416.10","28,741.65","28,775.55","28,272.40","","-0.50%"
"05/02/2024","28,558.15","28,431.15","28,633.80","28,422.00","","0.39%"
"04/30/2024","28,447.45","28,502.25","28,626.10","28,409.40","","0.09%"
"04/29/2024","28,421.45","28,433.60","28,444.45","28,239.30","","0.38%"
"04/26/2024","28,314.20","28,538.35","28,546.05","28,279.60","","-0.50%"
"04/25/2024","28,457.80","28,162.20","28,491.40","28,066.20","","0.89%"
"04/24/2024","28,206.70","28,164.15","28,274.10","28,145.60","","0.31%"
"04/23/2024","28,120.20","28,169.45","28,189.80","28,088.00","","0.21%"
"04/22/2024","28,060.35","27,970.00","28,107.05","27,877.75","","1.07%"
"04/19/2024","27,762.95","27,483.85","27,819.90","27,302.75","","0.41%"
"04/18/2024","27,648.65","28,037.15","28,132.55","27,597.75","","-0.91%"
"04/16/2024","27,901.90","27,887.50","28,017.65","27,841.60","","-0.55%"
"04/15/2024","28,056.45","28,122.85","28,250.25","27,953.20","","-1.01%"
"04/12/2024","28,342.80","28,577.05","28,605.15","28,321.25","","-1.01%"
"04/10/2024","28,631.65","28,607.40","28,667.65","28,515.70","","0.46%"
"04/09/2024","28,500.20","28,673.35","28,673.35","28,447.10","","-0.16%"
"04/08/2024","28,545.70","28,451.85","28,567.15","28,387.90","","0.74%"
"04/05/2024","28,336.80","28,351.10","28,369.25","28,265.55","","-0.17%"
"04/04/2024","28,385.80","28,541.70","28,547.45","28,154.25","","0.10%"
"04/03/2024","28,357.70","28,352.65","28,459.15","28,276.10","","-0.13%"
"04/02/2024","28,393.90","28,361.40","28,408.40","28,257.70","","0.25%"
"04/01/2024","28,323.50","28,304.85","28,409.05","28,297.55","","0.63%"
"03/28/2024","28,146.00","27,867.90","28,382.10","27,857.25","","1.28%"
"03/27/2024","27,789.40","27,882.15","27,971.85","27,758.90","","-0.05%"
"03/26/2024","27,803.35","27,707.05","27,884.90","27,705.60","","-0.17%"
"03/22/2024","27,851.40","27,563.15","27,962.00","27,490.90","","0.75%"
"03/21/2024","27,642.85","27,547.60","27,694.05","27,521.35","","1.09%"
"03/20/2024","27,345.95","27,371.25","27,456.75","27,166.95","","0.14%"
"03/19/2024","27,308.90","27,590.65","27,616.05","27,279.10","","-1.34%"
"03/18/2024","27,680.30","27,576.70","27,739.90","27,486.95","","0.23%"
"03/15/2024","27,616.85","27,682.80","27,765.25","27,384.50","","-0.53%"
"03/14/2024","27,764.15","27,385.70","27,789.90","27,257.65","","1.15%"
"03/13/2024","27,449.00","28,187.70","28,209.35","27,272.35","","-2.37%"
"03/12/2024","28,115.55","28,278.30","28,327.05","28,057.85","","-0.55%"
"03/11/2024","28,270.40","28,475.05","28,484.60","28,233.50","","-0.45%"
"03/07/2024","28,399.00","28,338.05","28,442.55","28,284.20","","0.37%"
"03/06/2024","28,294.35","28,193.80","28,323.45","27,898.05","","0.39%"
"03/05/2024","28,183.75","28,220.65","28,273.90","28,103.95","","-0.11%"
"03/04/2024","28,214.80","28,243.25","28,299.50","28,151.00","","0.08%"
"03/02/2024","28,192.95","28,209.00","28,227.80","28,165.30","","0.33%"
"03/01/2024","28,099.80","27,855.50","28,122.05","27,845.35","","1.37%"
"02/29/2024","27,721.40","27,670.10","27,824.45","27,525.00","","0.12%"
"02/28/2024","27,688.40","28,111.35","28,140.25","27,637.15","","-1.42%"
"02/27/2024","28,086.00","27,979.25","28,108.90","27,944.45","","0.32%"
"02/26/2024","27,997.55","28,085.10","28,096.20","27,926.95","","-0.39%"
"02/23/2024","28,107.95","28,190.00","28,195.95","28,064.95","","-0.02%"
"02/22/2024","28,113.10","27,986.15","28,159.65","27,639.20","","0.81%"
"02/21/2024","27,886.95","28,151.35","28,178.45","27,806.30","","-0.70%"
"02/20/2024","28,083.50","28,065.95","28,115.90","27,928.30","","0.03%"
"02/19/2024","28,074.25","28,084.10","28,191.05","27,978.65","","0.29%"
"02/16/2024","27,993.80","27,896.80","28,055.45","27,857.70","","0.84%"
"02/15/2024","27,761.35","27,745.70","27,830.70","27,644.60","","0.46%"
"02/14/2024","27,633.30","27,282.10","27,670.80","27,212.55","","0.71%"
"02/13/2024","27,439.85","27,374.75","27,466.55","27,155.25","","0.41%"
"02/12/2024","27,328.75","27,571.40","27,599.75","27,272.40","","-0.70%"
"02/09/2024","27,520.85","27,539.05","27,551.00","27,191.15","","0.22%"
"02/08/2024","27,460.70","27,805.45","27,811.70","27,389.95","","-0.80%"
"02/07/2024","27,682.90","27,798.00","27,807.55","27,570.70","","0.18%"
"02/06/2024","27,633.65","27,435.15","27,658.20","27,317.60","","1.02%"
"02/05/2024","27,355.40","27,531.15","27,630.45","27,290.90","","-0.21%"
"02/02/2024","27,411.65","27,214.10","27,606.10","27,206.05","","1.24%"
"02/01/2024","27,076.90","27,185.25","27,231.40","27,009.40","","-0.18%"
"01/31/2024","27,125.30","26,804.90","27,152.85","26,752.35","","1.23%"
"01/30/2024","26,795.55","27,077.50","27,128.30","26,769.25","","-0.76%"
"01/29/2024","26,999.95","26,643.65","27,037.05","26,628.35","","1.63%"
"01/25/2024","26,566.90","26,728.65","26,731.15","26,430.85","","-0.52%"
"01/24/2024","26,705.35","26,390.10","26,741.30","26,229.80","","1.36%"
"01/23/2024","26,346.40","26,936.60","26,991.45","26,283.90","","-1.61%"
"01/20/2024","26,778.85","26,942.85","26,960.85","26,753.90","","-0.21%"
"01/19/2024","26,834.40","26,737.75","26,866.05","26,708.70","","1.03%"
"01/18/2024","26,562.10","26,562.50","26,641.15","26,230.10","","-0.54%"
"01/17/2024","26,706.00","26,790.55","26,954.70","26,685.60","","-1.28%"
"01/16/2024","27,052.45","27,135.05","27,180.45","26,947.30","","-0.34%"
"01/15/2024","27,144.20","27,217.70","27,217.70","27,010.30","","0.62%"
"01/12/2024","26,977.25","26,863.40","27,020.50","26,789.95","","0.87%"
"01/11/2024","26,743.80","26,786.60","26,841.05","26,688.65","","0.22%"
"01/10/2024","26,686.15","26,675.05","26,711.50","26,502.60","","0.12%"
"01/09/2024","26,653.50","26,752.15","26,809.95","26,625.80","","0.43%"
"01/08/2024","26,538.15","26,851.00","26,861.65","26,513.60","","-0.85%"
"01/05/2024","26,767.00","26,832.95","26,856.55","26,666.55","","0.12%"
"01/04/2024","26,735.30","26,706.75","26,774.70","26,644.40","","0.54%"
"01/03/2024","26,592.45","26,749.90","26,785.45","26,564.65","","-0.59%"
"01/02/2024","26,749.75","26,829.30","26,835.00","26,544.80","","-0.17%"
"01/01/2024","26,794.85","26,795.30","26,911.45","26,729.60","","0.15%"
"12/29/2023","26,755.15","26,753.65","26,787.45","26,651.15","","-0.06%"
"12/28/2023","26,770.80","26,615.95","26,796.40","26,569.60","","0.87%"
"12/27/2023","26,538.60","26,371.70","26,563.15","26,342.35","","1.02%"
"12/26/2023","26,270.45","26,123.95","26,316.30","26,088.15","","0.75%"
"12/22/2023","26,074.40","25,946.85","26,106.00","25,890.80","","0.93%"
"12/21/2023","25,834.60","25,562.90","25,886.90","25,484.40","","0.41%"
"12/20/2023","25,728.85","26,353.20","26,405.95","25,671.60","","-1.91%"
"12/19/2023","26,228.80","26,258.00","26,283.00","26,062.45","","0.14%"
"12/18/2023","26,192.75","26,209.65","26,273.40","26,130.80","","-0.12%"
"12/15/2023","26,224.10","26,065.95","26,264.80","25,999.75","","1.16%"
"12/14/2023","25,922.15","25,896.30","25,961.05","25,833.95","","0.91%"
"12/13/2023","25,687.55","25,639.15","25,720.80","25,444.65","","0.37%"
"12/12/2023","25,593.40","25,690.45","25,738.05","25,525.45","","-0.15%"
"12/11/2023","25,633.00","25,591.45","25,649.20","25,529.60","","0.18%"
"12/08/2023","25,585.75","25,664.85","25,713.65","25,417.20","","-0.06%"
"12/07/2023","25,600.30","25,631.45","25,657.75","25,546.80","","0.02%"
"12/06/2023","25,595.25","25,676.65","25,704.15","25,465.50","","0.16%"
"12/05/2023","25,555.20","25,373.75","25,574.75","25,294.75","","-5.78%"
"12/04/2023","27,123.80","24,904.70","27,123.80","24,904.70","","9.08%"
"12/01/2023","24,866.55","24,867.40","24,915.75","24,840.35","","0.45%"
"11/30/2023","24,755.15","24,649.55","24,784.35","24,587.80","","0.58%"
"11/29/2023","24,611.75","24,517.70","24,618.60","24,492.10","","0.82%"
"11/28/2023","24,412.20","24,259.75","24,435.85","24,234.95","","0.99%"
"11/24/2023","24,173.85","24,252.05","24,282.20","24,153.80","","-0.16%"
"11/23/2023","24,213.65","24,265.20","24,326.85","24,181.45","","-0.06%"
"11/22/2023","24,227.15","24,199.55","24,268.20","24,117.25","","0.20%"
"11/21/2023","24,178.95","24,136.35","24,225.05","24,130.95","","0.45%"
"11/20/2023","24,070.20","24,119.25","24,174.40","24,054.90","","-0.19%"
"11/17/2023","24,116.60","24,026.55","24,216.10","24,015.10","","0.20%"
"11/16/2023","24,068.15","23,937.75","24,182.90","23,864.35","","0.56%"
"11/15/2023","23,934.40","23,897.90","23,946.60","23,804.95","","1.21%"
"11/13/2023","23,647.40","23,646.95","23,675.50","23,599.25","","0.34%"
"11/10/2023","23,568.30","23,508.05","23,593.10","23,462.85","","0.10%"
"11/09/2023","23,543.60","23,588.65","23,598.60","23,515.80","","-0.02%"
"11/08/2023","23,548.35","23,540.25","23,577.10","23,489.00","","0.38%"
"11/07/2023","23,460.35","23,431.45","23,481.95","23,370.10","","0.14%"
"11/06/2023","23,427.65","23,311.90","23,442.05","23,290.05","","1.03%"
"11/03/2023","23,189.55","23,179.20","23,252.50","23,168.35","","0.59%"
"11/02/2023","23,053.40","23,021.90","23,095.80","22,981.85","","0.81%"
"11/01/2023","22,868.75","23,023.80","23,060.60","22,849.70","","-0.60%"
"10/31/2023","23,007.35","23,099.25","23,102.35","22,945.55","","-0.05%"
"10/30/2023","23,019.00","23,013.90","23,039.90","22,810.25","","0.19%"
"10/27/2023","22,976.10","22,811.85","23,017.20","22,811.30","","1.01%"
"10/26/2023","22,746.35","22,952.00","22,972.35","22,712.80","","-1.43%"
"10/25/2023","23,076.35","23,257.20","23,355.05","23,000.80","","-0.72%"
"10/23/2023","23,243.90","23,569.05","23,645.00","23,207.15","","-1.58%"
"10/20/2023","23,616.80","23,677.50","23,716.60","23,586.55","","-0.60%"
"10/19/2023","23,758.90","23,609.85","23,788.00","23,527.10","","0.16%"
"10/18/2023","23,721.15","23,846.65","23,893.20","23,704.75","","-0.40%"
"10/17/2023","23,816.80","23,822.20","23,861.70","23,775.20","","0.44%"
"10/16/2023","23,713.15","23,707.90","23,768.30","23,649.65","","0.03%"
"10/13/2023","23,705.05","23,560.05","23,746.90","23,541.05","","0.07%"
"10/12/2023","23,688.05","23,749.75","23,773.60","23,655.60","","-0.05%"
"10/11/2023","23,699.00","23,649.35","23,733.45","23,638.30","","0.65%"
"10/10/2023","23,546.90","23,374.80","23,576.05","23,368.75","","1.02%"
"10/09/2023","23,308.25","23,315.70","23,398.60","23,237.35","","-0.73%"
"10/06/2023","23,480.10","23,414.85","23,503.80","23,383.25","","0.70%"
"10/05/2023","23,317.85","23,330.45","23,342.45","23,238.60","","0.37%"
"10/04/2023","23,232.30","23,342.60","23,352.95","23,109.30","","-0.77%"
"10/03/2023","23,412.75","23,544.60","23,548.75","23,357.85","","-0.65%"
"09/29/2023","23,566.35","23,454.90","23,652.55","23,415.20","","0.90%"
"09/28/2023","23,355.95","23,684.95","23,698.10","23,300.25","","-1.27%"
"09/27/2023","23,656.00","23,601.90","23,675.35","23,495.60","","0.29%"
"09/26/2023","23,587.55","23,609.65","23,651.90","23,559.30","","0.04%"
"09/25/2023","23,578.70","23,598.35","23,651.15","23,508.40","","0.07%"
"09/22/2023","23,563.00","23,602.50","23,677.30","23,488.90","","-0.25%"
"09/21/2023","23,621.25","23,743.45","23,783.40","23,566.00","","-0.69%"
"09/20/2023","23,786.30","23,858.75","23,988.70","23,761.70","","-0.79%"
"09/18/2023","23,976.45","23,961.45","24,031.45","23,897.25","","0.11%"
"09/15/2023","23,950.70","23,909.35","23,986.75","23,867.95","","0.45%"
"09/14/2023","23,844.50","23,823.95","23,922.85","23,771.95","","0.43%"
"09/13/2023","23,743.05","23,650.95","23,775.35","23,571.20","","0.47%"
"09/12/2023","23,632.45","23,895.05","23,898.15","23,552.05","","-0.60%"
"09/11/2023","23,775.40","23,623.90","23,786.10","23,592.50","","1.06%"
"09/08/2023","23,526.35","23,498.10","23,591.15","23,434.45","","0.40%"
"09/07/2023","23,432.50","23,290.60","23,444.30","23,226.10","","0.58%"
"09/06/2023","23,297.85","23,293.25","23,317.00","23,144.45","","0.17%"
"09/05/2023","23,258.65","23,243.10","23,273.35","23,195.50","","0.28%"
"09/04/2023","23,192.95","23,124.65","23,214.85","23,074.95","","0.77%"
"09/01/2023","23,014.70","22,734.65","23,027.85","22,732.65","","1.31%"
"08/31/2023","22,716.65","22,882.35","22,891.00","22,666.10","","-0.62%"
"08/30/2023","22,858.00","22,917.45","22,969.45","22,841.95","","0.12%"
"08/29/2023","22,830.85","22,790.95","22,852.00","22,767.20","","0.45%"
"08/28/2023","22,728.45","22,727.70","22,765.70","22,658.45","","0.27%"
"08/25/2023","22,667.00","22,753.70","22,796.80","22,630.30","","-0.70%"
"08/24/2023","22,826.70","22,992.40","23,057.15","22,811.60","","-0.25%"
"08/23/2023","22,884.50","22,956.25","22,957.65","22,857.10","","0.05%"
"08/22/2023","22,873.95","22,888.15","22,932.15","22,849.05","","0.12%"
"08/21/2023","22,846.70","22,696.05","22,875.45","22,671.65","","0.76%"
"08/18/2023","22,675.15","22,693.50","22,754.05","22,604.55","","-0.32%"
"08/17/2023","22,748.10","22,798.45","22,806.95","22,667.60","","-0.24%"
"08/16/2023","22,802.10","22,734.75","22,821.35","22,642.05","","0.17%"
"08/14/2023","22,762.95","22,792.15","22,801.70","22,567.80","","-0.33%"
"08/11/2023","22,838.85","23,006.70","23,017.15","22,810.80","","-0.67%"
"08/10/2023","22,992.80","23,034.00","23,074.15","22,921.15","","-0.27%"
"08/09/2023","23,054.65","22,969.85","23,064.25","22,864.20","","0.56%"
"08/08/2023","22,926.15","22,990.50","23,001.05","22,835.00","","-0.06%"
"08/07/2023","22,941.05","22,872.00","22,950.60","22,818.95","","0.57%"
"08/04/2023","22,812.15","22,806.75","22,881.65","22,762.10","","0.46%"
"08/03/2023","22,708.30","22,779.80","22,847.55","22,600.45","","-0.60%"
"08/02/2023","22,846.05","23,072.95","23,084.35","22,711.20","","-1.13%"
"08/01/2023","23,106.25","23,161.15","23,180.05","23,055.65","","-0.10%"
"07/31/2023","23,128.80","22,994.00","23,150.20","22,927.25","","0.66%"
"07/28/2023","22,977.70","22,954.75","22,994.25","22,874.40","","0.23%"
"07/27/2023","22,926.00","23,088.70","23,127.95","22,853.15","","-0.42%"
"07/26/2023","23,021.80","23,022.70","23,078.20","22,981.75","","0.32%"
"07/25/2023","22,947.35","22,974.30","22,979.95","22,871.70","","0.21%"
"07/24/2023","22,900.30","22,924.20","22,994.95","22,844.60","","0.01%"
"07/21/2023","22,898.75","22,938.45","23,051.60","22,863.80","","-0.76%"
"07/20/2023","23,074.45","22,971.75","23,083.25","22,851.00","","0.56%"
"07/19/2023","22,946.25","22,923.00","22,966.40","22,862.65","","0.38%"
"07/18/2023","22,858.95","22,934.35","22,948.40","22,794.20","","-0.20%"
"07/17/2023","22,903.85","22,882.00","22,945.35","22,857.45","","0.37%"
"07/14/2023","22,820.05","22,713.60","22,848.70","22,644.90","","0.84%"
"07/13/2023","22,630.25","22,758.75","22,830.70","22,591.05","","-0.16%"
"07/12/2023","22,667.35","22,767.50","22,772.15","22,642.75","","-0.18%"
"07/11/2023","22,707.15","22,666.90","22,772.45","22,644.50","","0.54%"
"07/10/2023","22,586.15","22,690.75","22,692.35","22,544.90","","-0.19%"
"07/07/2023","22,629.95","22,772.05","22,854.05","22,599.60","","-0.93%"
"07/06/2023","22,842.20","22,731.25","22,855.00","22,697.60","","0.54%"
"07/05/2023","22,719.95","22,620.25","22,743.75","22,585.30","","0.58%"
"07/04/2023","22,587.95","22,608.05","22,613.45","22,505.80","","0.36%"
"07/03/2023","22,506.10","22,507.05","22,549.25","22,474.65","","0.28%"
"06/30/2023","22,442.80","22,303.80","22,454.85","22,270.40","","1.01%"
"06/28/2023","22,218.90","22,105.45","22,264.05","22,070.70","","0.85%"
"06/27/2023","22,031.50","21,975.45","22,047.15","21,942.95","","0.56%"
"06/26/2023","21,908.30","21,805.70","21,928.35","21,767.75","","0.56%"
"06/23/2023","21,785.25","21,946.65","21,958.80","21,761.95","","-0.84%"
"06/22/2023","21,968.75","22,126.20","22,143.85","21,950.55","","-0.66%"
"06/21/2023","22,115.20","22,138.10","22,151.35","22,048.30","","0.04%"
"06/20/2023","22,105.50","22,025.65","22,126.70","21,930.15","","0.42%"
"06/19/2023","22,012.20","22,154.35","22,174.95","21,976.65","","-0.42%"
"06/16/2023","22,104.70","22,002.20","22,139.60","21,986.80","","0.65%"
"06/15/2023","21,962.90","21,999.25","22,059.30","21,934.25","","-0.01%"
"06/14/2023","21,965.05","21,925.40","21,980.30","21,871.90","","0.36%"
"06/13/2023","21,886.90","21,817.50","21,911.60","21,816.75","","0.53%"
"06/12/2023","21,771.05","21,737.00","21,797.75","21,684.00","","0.37%"
"06/09/2023","21,690.05","21,814.05","21,837.20","21,674.10","","-0.42%"
"06/08/2023","21,781.20","21,953.60","21,972.00","21,757.95","","-0.65%"
"06/07/2023","21,924.10","21,794.95","21,937.80","21,769.05","","0.97%"
"06/06/2023","21,714.30","21,676.85","21,736.30","21,633.35","","0.30%"
"06/05/2023","21,650.35","21,690.05","21,708.20","21,639.15","","0.23%"
"06/02/2023","21,599.60","21,585.20","21,621.90","21,518.60","","0.47%"
"06/01/2023","21,499.30","21,517.10","21,559.60","21,474.85","","0.01%"
"05/31/2023","21,498.00","21,517.80","21,540.50","21,446.40","","-0.15%"
"05/30/2023","21,529.40","21,557.95","21,596.30","21,502.60","","-0.03%"
"05/29/2023","21,536.70","21,540.15","21,572.35","21,488.20","","0.50%"
"05/26/2023","21,428.85","21,290.95","21,441.65","21,270.70","","0.83%"
"05/25/2023","21,252.15","21,169.95","21,277.05","21,114.00","","0.32%"
"05/24/2023","21,185.40","21,191.90","21,271.70","21,125.50","","-0.13%"
"05/23/2023","21,213.80","21,152.45","21,295.75","21,143.45","","0.55%"
"05/22/2023","21,098.05","20,886.35","21,113.25","20,845.60","","1.09%"
"05/19/2023","20,870.35","20,869.50","20,885.70","20,699.35","","0.25%"
"05/18/2023","20,817.35","21,057.55","21,057.55","20,800.00","","-0.60%"
"05/17/2023","20,943.75","21,051.80","21,061.10","20,868.75","","-0.43%"
"05/16/2023","21,033.35","21,168.00","21,171.30","21,012.20","","-0.35%"
"05/15/2023","21,108.00","21,059.75","21,161.55","21,016.80","","0.36%"
"05/12/2023","21,032.35","21,077.35","21,077.35","20,950.45","","-0.17%"
"05/11/2023","21,067.25","21,100.70","21,111.10","21,026.30","","-0.01%"
"05/10/2023","21,068.45","21,065.30","21,080.90","20,953.80","","0.33%"
"05/09/2023","20,999.30","21,036.95","21,100.40","20,951.20","","0.04%"
"05/08/2023","20,991.45","20,823.45","21,012.45","20,806.35","","1.06%"
"05/05/2023","20,770.80","20,840.70","20,929.90","20,758.60","","-0.46%"
"05/04/2023","20,867.60","20,715.45","20,877.05","20,695.05","","0.74%"
"05/03/2023","20,713.80","20,758.70","20,777.10","20,654.40","","-0.40%"
"05/02/2023","20,797.55","20,736.70","20,830.20","20,716.90","","0.57%"
"04/28/2023","20,678.65","20,536.90","20,707.10","20,475.70","","0.96%"
"04/27/2023","20,481.85","20,374.60","20,501.60","20,343.30","","0.58%"
"04/26/2023","20,363.90","20,304.50","20,378.70","20,263.40","","0.28%"
"04/25/2023","20,306.70","20,274.55","20,351.10","20,247.85","","0.23%"
"04/24/2023","20,259.75","20,191.45","20,272.95","20,124.00","","0.64%"
"04/21/2023","20,131.45","20,207.65","20,225.30","20,068.70","","-0.25%"
"04/20/2023","20,181.45","20,215.00","20,240.70","20,139.80","","-0.04%"
"04/19/2023","20,188.55","20,239.25","20,266.60","20,150.90","","-0.30%"
"04/18/2023","20,250.25","20,302.65","20,312.85","20,164.00","","-0.01%"
"04/17/2023","20,252.70","20,271.30","20,271.30","20,134.10","","-0.02%"
"04/13/2023","20,257.40","20,232.75","20,271.70","20,159.05","","0.14%"
"04/12/2023","20,229.10","20,149.60","20,243.80","20,122.15","","0.60%"
"04/11/2023","20,108.40","20,068.15","20,121.30","20,025.95","","0.64%"
"04/10/2023","19,979.60","19,920.15","20,018.00","19,906.30","","0.58%"
"04/06/2023","19,864.85","19,810.20","19,919.95","19,737.35","","0.30%"
"04/05/2023","19,805.20","19,735.95","19,817.55","19,705.15","","0.51%"
"04/03/2023","19,704.75","19,716.05","19,716.75","19,620.50","","0.44%"
"03/31/2023","19,618.60","19,528.35","19,651.35","19,516.05","","1.08%"
"03/29/2023","19,408.35","19,216.05","19,448.95","19,209.30","","1.21%"
"03/28/2023","19,176.30","19,326.35","19,336.65","19,133.65","","-0.55%"
"03/27/2023","19,283.30","19,295.45","19,395.05","19,249.60","","0.07%"
"03/24/2023","19,270.35","19,452.95","19,472.00","19,239.65","","-0.92%"
"03/23/2023","19,448.75","19,443.35","19,561.90","19,403.65","","-0.21%"
"03/22/2023","19,488.75","19,496.80","19,543.15","19,440.45","","0.29%"
"03/21/2023","19,433.25","19,442.05","19,468.65","19,385.95","","0.32%"
"03/20/2023","19,370.60","19,472.60","19,476.55","19,210.20","","-0.78%"
"03/17/2023","19,522.90","19,539.75","19,564.15","19,401.75","","0.65%"
"03/16/2023","19,396.80","19,371.15","19,470.50","19,234.10","","0.25%"
"03/15/2023","19,348.60","19,488.65","19,537.05","19,322.15","","0.00%"
"03/14/2023","19,349.00","19,507.55","19,545.25","19,277.80","","-0.72%"
"03/13/2023","19,490.25","19,777.10","19,881.60","19,446.45","","-1.30%"
"03/10/2023","19,746.90","19,711.70","19,768.35","19,609.40","","-0.52%"
"03/09/2023","19,849.50","20,044.65","20,062.85","19,828.60","","-0.80%"
"03/08/2023","20,009.60","19,892.00","20,019.70","19,824.10","","0.34%"
"03/06/2023","19,942.20","19,917.15","20,036.75","19,904.35","","0.56%"
"03/03/2023","19,830.20","19,728.50","19,889.10","19,715.95","","1.20%"
"03/02/2023","19,595.10","19,685.20","19,689.60","19,581.45","","-0.45%"
"03/01/2023","19,683.25","19,519.00","19,699.30","19,516.95","","0.98%"
"02/28/2023","19,493.10","19,595.40","19,634.95","19,450.45","","-0.45%"
"02/27/2023","19,580.80","19,697.10","19,703.85","19,455.90","","-0.72%"
"02/24/2023","19,723.40","19,852.00","19,871.85","19,669.40","","-0.27%"
"02/23/2023","19,776.20","19,846.30","19,905.70","19,721.55","","-0.17%"
"02/22/2023","19,809.35","20,026.55","20,040.90","19,777.90","","-1.37%"
"02/21/2023","20,083.90","20,229.50","20,229.70","20,058.35","","-0.33%"
"02/20/2023","20,151.30","20,231.70","20,263.75","20,122.05","","-0.39%"
"02/17/2023","20,229.75","20,265.20","20,331.20","20,188.95","","-0.50%"
"02/16/2023","20,332.40","20,349.90","20,390.35","20,303.75","","0.38%"
"02/15/2023","20,255.75","20,085.65","20,273.70","20,052.80","","0.68%"
"02/14/2023","20,118.10","20,114.55","20,169.05","20,024.90","","0.35%"
"02/13/2023","20,048.55","20,152.25","20,190.10","20,012.15","","-0.41%"
"02/10/2023","20,130.35","20,110.80","20,144.05","20,062.40","","-0.14%"
"02/09/2023","20,158.65","20,150.90","20,202.05","20,018.55","","-0.01%"
"02/08/2023","20,159.95","20,009.00","20,183.40","19,986.75","","1.01%"
"02/07/2023","19,958.70","20,033.40","20,066.50","19,892.60","","-0.29%"
"02/06/2023","20,015.80","20,000.15","20,027.00","19,857.85","","-0.22%"
"02/03/2023","20,059.90","19,956.35","20,080.20","19,715.95","","1.00%"
"02/02/2023","19,860.55","19,935.50","19,985.35","19,740.75","","-0.62%"
"02/01/2023","19,984.00","20,394.75","20,473.00","19,690.10","","-1.29%"
"01/31/2023","20,244.15","20,287.70","20,295.60","20,105.00","","0.24%"
"01/30/2023","20,196.10","20,178.20","20,314.70","19,970.65","","0.05%"
"01/27/2023","20,186.20","20,478.25","20,519.85","20,040.95","","-1.15%"
"01/25/2023","20,421.45","20,600.00","20,605.90","20,364.05","","-0.97%"
"01/24/2023","20,621.80","20,711.70","20,717.70","20,583.40","","-0.15%"
"01/23/2023","20,652.60","20,638.90","20,686.85","20,586.15","","0.46%"
"01/20/2023","20,558.20","20,702.80","20,713.00","20,541.25","","-0.66%"
"01/19/2023","20,695.45","20,687.70","20,734.65","20,648.90","","-0.30%"
"01/18/2023","20,757.15","20,693.65","20,773.30","20,664.20","","0.49%"
"01/17/2023","20,656.70","20,557.80","20,678.20","20,505.80","","0.61%"
"01/16/2023","20,530.50","20,651.30","20,670.40","20,473.20","","-0.25%"
"01/13/2023","20,582.30","20,488.45","20,626.15","20,410.00","","0.59%"
"01/12/2023","20,460.95","20,527.75","20,535.95","20,353.65","","-0.07%"
"01/11/2023","20,474.95","20,586.70","20,604.30","20,440.35","","-0.36%"
"01/10/2023","20,548.35","20,704.65","20,712.10","20,464.45","","-0.61%"
"01/09/2023","20,673.70","20,578.40","20,715.55","20,550.90","","1.16%"
"01/06/2023","20,437.45","20,605.95","20,647.50","20,394.40","","-0.76%"
"01/05/2023","20,594.50","20,612.30","20,659.60","20,460.15","","0.21%"
"01/04/2023","20,551.65","20,764.75","20,774.90","20,525.55","","-0.96%"
"01/03/2023","20,751.15","20,679.25","20,774.90","20,641.60","","0.28%"
"01/02/2023","20,692.85","20,663.75","20,710.45","20,589.70","","0.38%"
"12/30/2022","20,614.95","20,757.35","20,777.25","20,588.05","","-0.24%"
"12/29/2022","20,664.55","20,522.45","20,710.10","20,452.55","","0.29%"
"12/28/2022","20,604.05","20,562.70","20,668.35","20,541.90","","-0.02%"
"12/27/2022","20,607.50","20,527.90","20,626.35","20,425.65","","0.85%"
"12/26/2022","20,433.50","20,255.40","20,499.65","20,172.45","","1.00%"
"12/23/2022","20,230.85","20,492.30","20,581.65","20,193.00","","-2.03%"
"12/22/2022","20,651.00","20,863.65","20,904.40","20,567.00","","-0.60%"
"12/21/2022","20,776.25","20,995.25","21,045.35","20,718.75","","-0.73%"
"12/20/2022","20,929.75","20,965.95","20,973.50","20,742.10","","-0.44%"
"12/19/2022","21,021.55","20,832.30","21,037.70","20,793.20","","1.00%"
"12/16/2022","20,813.00","20,931.40","21,046.65","20,797.25","","-1.01%"
"12/15/2022","21,025.70","21,222.45","21,273.40","20,994.40","","-1.04%"
"12/14/2022","21,245.60","21,204.45","21,272.25","21,191.95","","0.51%"
"12/13/2022","21,137.00","21,088.10","21,148.80","21,032.45","","0.48%"
"12/12/2022","21,036.60","20,937.05","21,053.90","20,824.40","","0.17%"
"12/09/2022","21,000.85","21,183.75","21,192.75","20,895.60","","-0.54%"
"12/08/2022","21,114.95","21,102.15","21,156.30","21,066.80","","0.15%"
"12/07/2022","21,082.80","21,224.50","21,244.90","21,047.90","","-0.65%"
"12/06/2022","21,220.35","21,236.10","21,249.30","21,144.30","","-0.39%"
"12/05/2022","21,302.80","21,293.05","21,324.75","21,155.35","","0.26%"
"12/02/2022","21,248.50","21,304.10","21,317.50","21,174.55","","-0.43%"
"12/01/2022","21,339.80","21,373.85","21,373.90","21,285.60","","0.35%"
"11/30/2022","21,266.05","21,084.05","21,325.70","21,072.65","","0.98%"
"11/29/2022","21,060.60","21,008.40","21,124.45","21,005.10","","0.27%"
"11/28/2022","21,004.00","20,902.65","21,035.25","20,898.60","","0.18%"
"11/25/2022","20,966.85","20,949.60","20,981.65","20,857.50","","0.31%"
"11/24/2022","20,902.30","20,749.65","20,940.30","20,719.05","","1.11%"
"11/23/2022","20,673.70","20,725.00","20,733.30","20,650.45","","0.17%"
"11/22/2022","20,639.00","20,558.35","20,658.30","20,513.65","","0.52%"
"11/21/2022","20,532.55","20,622.35","20,639.20","20,500.90","","-0.60%"
"11/18/2022","20,655.95","20,791.15","20,798.75","20,559.65","","-0.44%"
"11/17/2022","20,747.20","20,795.80","20,815.05","20,717.40","","-0.44%"
"11/16/2022","20,837.90","20,900.30","20,923.75","20,749.65","","-0.32%"
"11/15/2022","20,904.70","20,844.75","20,933.45","20,791.80","","0.49%"
"11/14/2022","20,803.25","20,826.70","20,881.30","20,787.90","","0.10%"
"11/11/2022","20,782.75","20,812.90","20,867.30","20,736.60","","1.02%"
"11/10/2022","20,572.05","20,666.75","20,703.25","20,511.10","","-0.88%"
"11/09/2022","20,755.40","20,957.90","20,959.15","20,703.05","","-0.40%"
"11/07/2022","20,839.60","20,852.40","20,914.05","20,709.10","","0.48%"
"11/04/2022","20,739.65","20,656.90","20,760.80","20,610.05","","0.55%"
"11/03/2022","20,625.90","20,548.75","20,696.15","20,532.35","","-0.19%"
"11/02/2022","20,665.00","20,783.55","20,786.20","20,635.55","","-0.44%"
"11/01/2022","20,757.00","20,632.55","20,775.00","20,604.15","","1.01%"
"10/31/2022","20,548.75","20,447.75","20,563.90","20,436.90","","1.07%"
"10/28/2022","20,330.40","20,334.75","20,380.60","20,268.15","","0.15%"
"10/27/2022","20,300.85","20,297.15","20,340.85","20,199.10","","0.70%"
"10/25/2022","20,159.00","20,245.95","20,248.80","20,137.55","","-0.17%"
"10/24/2022","20,193.10","20,228.95","20,251.30","20,168.70","","0.80%"
"10/21/2022","20,033.25","20,097.15","20,135.10","19,951.90","","-0.02%"
"10/20/2022","20,037.30","19,822.90","20,061.10","19,772.10","","0.61%"
"10/19/2022","19,916.50","20,023.10","20,043.05","19,878.95","","-0.20%"
"10/18/2022","19,956.85","19,882.40","19,975.75","19,877.75","","1.02%"
"10/17/2022","19,755.20","19,633.50","19,776.70","19,552.30","","0.42%"
"10/14/2022","19,673.35","19,899.75","19,906.35","19,659.05","","0.42%"
"10/13/2022","19,591.55","19,681.40","19,731.30","19,525.00","","-0.54%"
"10/12/2022","19,697.45","19,567.60","19,720.80","19,498.40","","0.98%"
"10/11/2022","19,507.15","19,893.95","19,893.95","19,470.15","","-1.70%"
"10/10/2022","19,844.40","19,701.55","19,868.45","19,636.55","","-0.48%"
"10/07/2022","19,940.25","19,941.50","19,986.65","19,837.80","","-0.13%"
"10/06/2022","19,966.10","20,022.15","20,082.10","19,935.70","","0.38%"
"10/04/2022","19,891.25","19,775.90","19,907.15","19,740.20","","2.14%"
"10/03/2022","19,474.00","19,746.80","19,750.80","19,432.10","","-1.18%"
"09/30/2022","19,707.05","19,463.30","19,806.50","19,363.80","","1.28%"
"09/29/2022","19,458.15","19,607.50","19,658.80","19,424.40","","0.01%"
"09/28/2022","19,455.40","19,444.80","19,642.70","19,389.55","","-0.62%"
"09/27/2022","19,576.65","19,681.85","19,761.45","19,457.40","","0.05%"
"09/26/2022","19,567.40","19,835.35","19,849.25","19,470.95","","-2.09%"
"09/23/2022","19,984.70","20,313.65","20,376.60","19,943.80","","-1.71%"
"09/22/2022","20,333.00","20,275.25","20,417.20","20,186.70","","-0.20%"
"09/21/2022","20,374.55","20,534.50","20,615.25","20,334.25","","-0.88%"
"09/20/2022","20,554.75","20,415.60","20,638.85","20,395.10","","1.44%"
"09/19/2022","20,263.85","20,194.75","20,322.15","20,021.40","","0.46%"
"09/16/2022","20,171.50","20,544.20","20,557.30","20,121.95","","-2.01%"
"09/15/2022","20,584.75","20,795.55","20,827.15","20,561.25","","-0.68%"
"09/14/2022","20,726.50","20,435.20","20,810.75","20,433.75","","-0.09%"
"09/13/2022","20,746.05","20,710.75","20,770.20","20,701.75","","0.71%"
"09/12/2022","20,599.65","20,548.55","20,634.15","20,541.55","","0.61%"
"09/09/2022","20,473.90","20,570.80","20,610.35","20,439.25","","0.19%"
"09/08/2022","20,436.00","20,414.90","20,453.05","20,324.00","","0.79%"
"09/07/2022","20,274.90","20,089.20","20,292.35","20,054.40","","0.24%"
"09/06/2022","20,226.20","20,273.55","20,333.55","20,138.50","","-0.01%"
"09/05/2022","20,227.45","20,135.65","20,242.60","20,122.45","","0.52%"
"09/02/2022","20,123.00","20,260.55","20,296.60","20,103.45","","-0.28%"
"09/01/2022","20,179.00","20,072.50","20,327.60","20,072.50","","-0.78%"
"08/30/2022","20,337.55","19,994.75","20,354.60","19,983.55","","2.31%"
"08/29/2022","19,877.40","19,647.50","19,923.50","19,639.85","","-1.04%"
"08/26/2022","20,087.20","20,103.90","20,179.10","20,046.70","","0.53%"
"08/25/2022","19,980.95","20,119.50","20,184.85","19,941.35","","-0.29%"
"08/24/2022","20,038.60","19,972.00","20,062.80","19,895.60","","0.22%"
"08/23/2022","19,994.60","19,694.70","20,039.95","19,675.80","","0.86%"
"08/22/2022","19,823.80","20,087.65","20,097.80","19,791.50","","-1.73%"
"08/19/2022","20,173.15","20,449.85","20,473.40","20,134.10","","-1.22%"
"08/18/2022","20,422.05","20,388.50","20,437.45","20,309.75","","0.00%"
"08/17/2022","20,421.20","20,312.85","20,444.15","20,303.15","","0.76%"
"08/16/2022","20,266.75","20,179.60","20,275.00","20,124.80","","0.93%"
"08/12/2022","20,080.35","20,043.65","20,121.00","19,992.95","","0.20%"
"08/11/2022","20,039.35","20,159.95","20,162.20","20,008.90","","0.28%"
"08/10/2022","19,983.75","19,984.20","19,995.35","19,841.90","","0.22%"
"08/08/2022","19,939.35","19,859.90","19,963.80","19,806.10","","0.46%"
"08/05/2022","19,848.70","19,879.45","19,939.20","19,793.85","","0.05%"
"08/04/2022","19,838.40","19,905.85","19,941.85","19,602.55","","0.10%"
"08/03/2022","19,818.40","19,832.10","19,881.70","19,653.65","","-0.07%"
"08/02/2022","19,831.60","19,778.10","19,864.90","19,667.20","","0.13%"
"08/01/2022","19,806.80","19,694.80","19,821.25","19,605.95","","1.13%"
"07/29/2022","19,585.55","19,447.95","19,600.75","19,430.00","","1.59%"
"07/28/2022","19,279.30","19,120.45","19,309.70","19,074.65","","1.50%"
"07/27/2022","18,994.70","18,790.50","19,009.00","18,741.00","","1.05%"
"07/26/2022","18,797.50","18,961.25","18,965.50","18,781.45","","-0.79%"
"07/25/2022","18,947.00","18,985.05","19,024.40","18,879.55","","-0.32%"
"07/22/2022","19,008.40","18,971.05","19,031.25","18,909.95","","0.52%"
"07/21/2022","18,910.50","18,768.90","18,939.10","18,728.30","","0.88%"
"07/20/2022","18,745.95","18,820.75","18,826.95","18,713.90","","0.72%"
"07/19/2022","18,612.10","18,474.75","18,633.65","18,473.05","","0.33%"
"07/18/2022","18,550.10","18,429.50","18,560.10","18,415.40","","1.41%"
"07/15/2022","18,293.05","18,221.75","18,309.95","18,163.60","","0.74%"
"07/14/2022","18,159.40","18,262.00","18,302.85","18,048.20","","-0.19%"
"07/13/2022","18,193.45","18,280.25","18,308.10","18,164.95","","-0.07%"
"07/12/2022","18,206.20","18,283.20","18,327.90","18,167.75","","-0.97%"
"07/11/2022","18,384.55","18,276.45","18,413.20","18,237.45","","0.20%"
"07/08/2022","18,347.85","18,408.55","18,409.55","18,275.05","","0.46%"
"07/07/2022","18,264.30","18,211.60","18,278.95","18,145.85","","1.14%"
"07/06/2022","18,058.60","17,835.25","18,088.35","17,805.95","","1.32%"
"07/05/2022","17,824.20","17,912.15","18,042.25","17,791.10","","-0.08%"
"07/04/2022","17,838.05","17,735.00","17,851.10","17,626.45","","0.38%"
"07/01/2022","17,771.40","17,586.85","17,810.75","17,504.40","","0.58%"
"06/30/2022","17,668.95","17,769.30","17,842.25","17,609.80","","-0.66%"
"06/29/2022","17,785.65","17,717.40","17,830.45","17,690.65","","-0.48%"
"06/28/2022","17,872.15","17,756.90","17,907.25","17,678.55","","0.29%"
"06/27/2022","17,821.25","17,874.45","17,911.70","17,804.50","","0.96%"
"06/24/2022","17,651.70","17,595.25","17,688.40","17,566.40","","0.98%"
"06/23/2022","17,480.60","17,282.70","17,503.65","17,251.40","","1.46%"
"06/22/2022","17,228.30","17,415.70","17,424.40","17,178.25","","-1.51%"
"06/21/2022","17,493.15","17,260.25","17,541.50","17,250.05","","2.00%"
"06/20/2022","17,149.50","17,160.05","17,193.65","16,987.35","","0.03%"
"06/17/2022","17,144.25","17,263.70","17,352.90","17,095.50","","-1.23%"
"06/16/2022","17,358.25","17,937.40","17,945.85","17,331.35","","-2.40%"
"06/15/2022","17,784.25","17,826.95","17,878.05","17,743.05","","0.01%"
"06/14/2022","17,781.90","17,731.45","17,950.25","17,698.20","","-0.15%"
"06/13/2022","17,808.70","17,942.90","17,964.40","17,738.00","","-2.40%"
"06/10/2022","18,245.80","18,211.90","18,278.20","18,203.40","","-0.86%"
"06/09/2022","18,403.60","18,230.35","18,418.10","18,176.70","","0.47%"
"06/08/2022","18,317.45","18,392.50","18,463.20","18,221.45","","-0.14%"
"06/07/2022","18,343.55","18,378.05","18,397.50","18,252.05","","-0.76%"
"06/06/2022","18,484.45","18,457.10","18,525.35","18,350.20","","-0.11%"
"06/03/2022","18,505.00","18,840.00","18,860.95","18,491.00","","-1.06%"
"06/02/2022","18,703.70","18,617.40","18,719.25","18,528.55","","0.19%"
"06/01/2022","18,668.85","18,806.85","18,883.55","18,587.30","","-0.64%"
"05/31/2022","18,789.90","18,709.90","18,882.35","18,674.10","","0.23%"
"05/30/2022","18,745.95","18,580.95","18,767.70","18,561.85","","1.69%"
"05/27/2022","18,434.30","18,411.25","18,452.60","18,292.15","","0.99%"
"05/26/2022","18,253.15","18,168.70","18,291.50","17,884.85","","0.88%"
"05/25/2022","18,093.35","18,328.45","18,356.15","18,070.45","","-0.85%"
"05/24/2022","18,247.85","18,449.05","18,464.30","18,208.10","","-0.86%"
"05/23/2022","18,407.00","18,543.05","18,640.55","18,381.25","","-0.55%"
"05/20/2022","18,509.70","18,336.05","18,527.95","18,291.25","","2.58%"
"05/19/2022","18,044.05","18,151.30","18,236.10","18,010.70","","-2.48%"
"05/18/2022","18,503.25","18,556.50","18,662.65","18,469.60","","-0.06%"
"05/17/2022","18,514.35","18,136.35","18,531.85","18,129.95","","2.56%"
"05/16/2022","18,051.90","18,056.90","18,174.70","17,912.85","","0.51%"
"05/13/2022","17,959.50","18,162.65","18,292.25","17,917.60","","0.10%"
"05/12/2022","17,942.35","18,221.85","18,244.50","17,861.30","","-2.27%"
"05/11/2022","18,358.20","18,453.75","18,557.40","18,143.10","","-0.44%"
"05/10/2022","18,440.15","18,531.95","18,673.20","18,390.35","","-0.64%"
"05/09/2022","18,559.85","18,502.30","18,669.35","18,383.95","","-0.58%"
"05/06/2022","18,668.10","18,668.50","18,739.40","18,584.30","","-1.49%"
"05/05/2022","18,951.40","19,181.65","19,282.95","18,926.05","","-0.26%"
"05/04/2022","19,000.50","19,447.35","19,528.00","18,927.50","","-2.19%"
"05/02/2022","19,426.40","19,316.25","19,443.65","19,259.80","","-0.26%"
"04/29/2022","19,477.15","19,751.30","19,786.75","19,428.95","","-1.03%"
"04/28/2022","19,680.40","19,635.60","19,744.80","19,474.50","","1.21%"
"04/27/2022","19,444.70","19,515.95","19,552.05","19,338.90","","-1.07%"
"04/26/2022","19,654.90","19,521.45","19,671.70","19,506.10","","1.70%"
"04/25/2022","19,326.45","19,443.25","19,473.40","19,262.35","","-1.75%"
"04/22/2022","19,670.80","19,765.15","19,811.25","19,642.85","","-1.21%"
"04/21/2022","19,912.00","19,731.95","19,929.25","19,715.05","","1.32%"
"04/20/2022","19,651.85","19,538.30","19,702.30","19,473.55","","1.07%"
"04/19/2022","19,443.50","19,840.55","19,896.75","19,298.05","","-1.42%"
"04/18/2022","19,724.00","19,672.80","19,750.30","19,569.70","","-0.51%"
"04/13/2022","19,826.10","19,899.85","19,998.10","19,792.25","","-0.06%"
"04/12/2022","19,838.05","19,957.00","19,960.30","19,727.20","","-1.00%"
"04/11/2022","20,038.45","20,072.70","20,121.70","20,004.60","","-0.25%"
"04/08/2022","20,087.85","19,958.20","20,130.60","19,853.25","","1.08%"
"04/07/2022","19,872.35","19,934.00","20,032.65","19,834.40","","-0.59%"
"04/06/2022","19,990.65","19,979.05","20,072.40","19,942.10","","-0.27%"
"04/05/2022","20,045.25","20,064.10","20,144.90","19,989.85","","0.26%"
"04/04/2022","19,994.20","19,758.00","20,010.30","19,696.85","","1.58%"
"04/01/2022","19,683.25","19,436.25","19,715.65","19,426.50","","1.22%"
"03/31/2022","19,445.60","19,507.55","19,540.20","19,411.90","","-0.13%"
"03/30/2022","19,471.85","19,503.85","19,537.35","19,417.30","","0.41%"
"03/29/2022","19,391.55","19,392.85","19,424.95","19,318.25","","0.41%"
"03/28/2022","19,312.60","19,274.90","19,328.45","19,083.65","","0.37%"
"03/25/2022","19,241.75","19,404.85","19,407.25","19,162.80","","-0.49%"
"03/24/2022","19,335.95","19,217.65","19,407.10","19,212.45","","0.12%"
"03/23/2022","19,312.30","19,464.05","19,488.45","19,253.60","","-0.18%"
"03/22/2022","19,347.65","19,215.20","19,363.40","19,022.85","","0.87%"
"03/21/2022","19,181.65","19,480.15","19,495.50","19,163.15","","-1.12%"
"03/17/2022","19,399.85","19,249.65","19,427.65","19,240.45","","1.82%"
"03/16/2022","19,052.95","18,931.70","19,070.40","18,888.45","","1.84%"
"03/15/2022","18,709.35","18,888.20","18,950.80","18,593.10","","-0.93%"
"03/14/2022","18,884.80","18,752.45","18,903.35","18,640.65","","0.62%"
"03/11/2022","18,769.30","18,640.70","18,790.55","18,569.75","","0.47%"
"03/10/2022","18,681.60","18,754.40","18,796.15","18,526.50","","1.55%"
"03/09/2022","18,397.00","18,271.35","18,473.80","18,140.40","","1.30%"
"03/08/2022","18,161.35","17,955.30","18,180.25","17,771.00","","0.82%"
"03/07/2022","18,013.55","17,992.80","18,058.20","17,805.60","","-1.67%"
"03/04/2022","18,319.15","18,505.75","18,561.85","18,232.20","","-1.73%"
"03/03/2022","18,641.75","18,948.50","18,992.85","18,581.20","","-0.64%"
"03/02/2022","18,762.00","18,733.95","18,852.85","18,632.70","","-0.63%"
"02/28/2022","18,880.20","18,534.05","18,903.40","18,372.35","","1.05%"
"02/25/2022","18,684.35","18,459.80","18,744.95","18,431.75","","2.88%"
"02/24/2022","18,161.45","18,576.40","18,742.85","18,117.90","","-4.93%"
"02/23/2022","19,103.60","19,232.50","19,289.90","19,067.55","","-0.15%"
"02/22/2022","19,132.65","18,868.45","19,158.15","18,862.30","","-0.68%"
"02/21/2022","19,262.80","19,321.65","19,430.75","19,166.50","","-0.85%"
"02/18/2022","19,427.40","19,399.30","19,528.80","19,366.75","","-0.24%"
"02/17/2022","19,474.80","19,596.70","19,657.95","19,432.40","","-0.11%"
"02/16/2022","19,496.80","19,546.00","19,661.75","19,427.40","","0.01%"
"02/15/2022","19,494.50","19,037.75","19,521.00","18,911.00","","2.82%"
"02/14/2022","18,959.10","19,258.40","19,280.15","18,914.65","","-3.16%"
"02/11/2022","19,577.55","19,642.05","19,662.05","19,493.10","","-1.14%"
"02/10/2022","19,803.10","19,748.70","19,831.20","19,623.50","","0.63%"
"02/09/2022","19,679.90","19,546.60","19,693.35","19,510.45","","1.16%"
"02/08/2022","19,453.30","19,480.50","19,522.35","19,227.65","","0.23%"
"02/07/2022","19,409.45","19,661.10","19,739.65","19,304.60","","-1.42%"
"02/04/2022","19,689.70","19,792.60","19,846.00","19,645.45","","-0.30%"
"02/03/2022","19,748.90","19,923.95","19,939.50","19,689.10","","-0.95%"
"02/02/2022","19,937.60","19,838.00","19,950.70","19,828.45","","1.00%"
"02/01/2022","19,739.55","19,665.25","19,765.00","19,367.85","","1.24%"
"01/31/2022","19,496.85","19,486.90","19,570.60","19,434.90","","1.27%"
"01/28/2022","19,251.60","19,331.40","19,589.20","19,223.65","","0.15%"
"01/27/2022","19,222.30","19,185.55","19,305.30","18,970.80","","-0.76%"
"01/25/2022","19,368.65","18,979.75","19,401.55","18,820.25","","1.30%"
"01/24/2022","19,120.30","19,589.40","19,600.70","18,941.65","","-2.59%"
"01/21/2022","19,629.60","19,740.30","19,784.15","19,481.35","","-1.22%"
"01/20/2022","19,871.55","20,035.25","20,083.20","19,762.55","","-0.69%"
"01/19/2022","20,009.60","20,133.55","20,159.90","19,909.75","","-0.57%"
"01/18/2022","20,123.30","20,473.65","20,487.25","20,089.00","","-1.52%"
"01/17/2022","20,434.75","20,309.25","20,456.00","20,292.55","","0.61%"
"01/14/2022","20,311.55","20,290.20","20,345.90","20,214.00","","-0.20%"
"01/13/2022","20,353.25","20,275.30","20,366.80","20,224.90","","0.55%"
"01/12/2022","20,242.45","20,225.20","20,255.80","20,159.60","","0.72%"
"01/11/2022","20,098.45","20,090.00","20,137.60","20,037.55","","0.02%"
"01/10/2022","20,094.85","20,014.45","20,110.05","19,970.85","","0.86%"
"01/07/2022","19,923.70","19,884.90","19,973.30","19,805.05","","0.52%"
"01/06/2022","19,821.55","19,815.80","19,838.65","19,706.75","","-0.57%"
"01/05/2022","19,934.35","19,766.20","19,945.35","19,729.00","","0.84%"
"01/04/2022","19,768.60","19,707.45","19,791.05","19,611.25","","0.68%"
"01/03/2022","19,635.95","19,427.85","19,653.25","19,425.90","","1.31%"
"12/31/2021","19,382.45","19,222.00","19,432.20","19,213.00","","1.08%"
"12/30/2021","19,176.30","19,168.65","19,222.10","19,122.55","","0.00%"
"12/29/2021","19,175.35","19,163.40","19,216.00","19,120.75","","0.04%"
"12/28/2021","19,168.50","19,066.10","19,179.95","19,056.80","","1.03%"
"12/27/2021","18,972.40","18,817.40","18,997.75","18,711.70","","0.45%"
"12/24/2021","18,886.70","19,089.30","19,093.80","18,802.75","","-0.62%"
"12/23/2021","19,004.40","18,983.10","19,040.50","18,932.15","","0.79%"
"12/22/2021","18,855.80","18,745.30","18,872.35","18,727.75","","1.03%"
"12/21/2021","18,662.75","18,617.80","18,807.15","18,557.00","","1.10%"
"12/20/2021","18,460.20","18,719.20","18,736.05","18,218.80","","-2.25%"
"12/17/2021","18,884.85","19,194.55","19,209.75","18,860.20","","-1.68%"
"12/16/2021","19,206.60","19,345.25","19,355.30","19,138.55","","-0.02%"
"12/15/2021","19,209.50","19,320.20","19,338.15","19,179.30","","-0.60%"
"12/14/2021","19,324.60","19,259.65","19,346.00","19,188.25","","-0.03%"
"12/13/2021","19,329.75","19,574.90","19,617.85","19,315.75","","-0.58%"
"12/10/2021","19,443.10","19,406.85","19,496.20","19,343.85","","0.02%"
"12/09/2021","19,439.05","19,459.70","19,474.40","19,292.75","","0.28%"
"12/08/2021","19,383.95","19,193.55","19,400.65","19,193.05","","1.54%"
"12/07/2021","19,089.75","18,959.60","19,150.90","18,884.90","","1.48%"
"12/06/2021","18,810.65","19,165.35","19,173.55","18,787.25","","-1.75%"
"12/03/2021","19,145.30","19,315.85","19,378.45","19,127.70","","-0.86%"
"12/02/2021","19,310.65","19,068.70","19,334.95","19,016.85","","1.47%"
"12/01/2021","19,030.65","19,028.95","19,126.25","18,915.20","","0.85%"
"11/30/2021","18,870.60","18,933.10","19,223.15","18,812.60","","-0.29%"
"11/29/2021","18,924.60","18,961.15","19,062.90","18,626.40","","-0.30%"
"11/26/2021","18,980.85","19,383.70","19,393.80","18,931.65","","-2.98%"
"11/25/2021","19,564.75","19,526.30","19,600.75","19,419.05","","0.15%"
"11/24/2021","19,536.00","19,680.70","19,742.00","19,465.40","","-0.31%"
"11/23/2021","19,597.65","19,325.80","19,653.35","19,278.00","","0.92%"
"11/22/2021","19,419.35","19,864.40","19,864.40","19,257.40","","-1.95%"
"11/18/2021","19,805.00","20,060.25","20,099.35","19,741.55","","-1.24%"
"11/17/2021","20,054.15","20,086.35","20,185.20","20,024.75","","-0.34%"
"11/16/2021","20,122.55","20,258.05","20,270.75","20,088.50","","-0.42%"
"11/15/2021","20,206.65","20,252.50","20,347.50","20,161.20","","-0.02%"
"11/12/2021","20,210.55","20,158.70","20,239.45","20,030.70","","1.01%"
"11/11/2021","20,008.35","20,154.10","20,159.20","19,934.95","","-0.99%"
"11/10/2021","20,208.25","20,184.50","20,252.25","20,138.20","","-0.16%"
"11/09/2021","20,239.75","20,292.80","20,336.25","20,186.80","","-0.05%"
"11/08/2021","20,249.90","20,166.40","20,270.35","19,950.05","","0.92%"
"11/04/2021","20,065.20","20,081.50","20,098.45","20,046.60","","0.61%"
"11/03/2021","19,942.90","20,011.55","20,083.70","19,859.40","","-0.09%"
"11/02/2021","19,961.35","20,096.50","20,123.70","19,941.00","","-0.32%"
"11/01/2021","20,024.80","19,842.25","20,039.90","19,697.40","","1.69%"
"10/29/2021","19,692.55","19,786.05","19,937.05","19,548.90","","-0.56%"
"10/28/2021","19,802.55","20,155.85","20,174.00","19,742.70","","-1.87%"
"10/27/2021","20,180.45","20,271.30","20,307.85","20,133.40","","-0.24%"
"10/26/2021","20,229.15","20,067.70","20,270.75","20,050.60","","1.14%"
"10/25/2021","20,001.10","20,156.65","20,184.95","19,822.10","","-0.59%"
"10/22/2021","20,119.90","20,363.15","20,392.80","20,024.60","","-0.80%"
"10/21/2021","20,281.70","20,496.05","20,496.20","20,118.00","","-0.27%"
"10/20/2021","20,337.25","20,555.15","20,595.35","20,237.40","","-1.06%"
"10/19/2021","20,555.50","20,920.45","20,920.90","20,489.75","","-1.14%"
"10/18/2021","20,792.10","20,913.20","20,913.60","20,774.85","","0.56%"
"10/14/2021","20,675.40","20,662.65","20,708.05","20,587.50","","0.83%"
"10/13/2021","20,506.10","20,397.35","20,565.10","20,339.50","","1.23%"
"10/12/2021","20,256.75","20,189.25","20,274.10","20,092.45","","0.39%"
"10/11/2021","20,177.20","20,047.10","20,255.75","20,021.65","","0.87%"
"10/08/2021","20,004.05","20,110.15","20,128.90","19,973.25","","0.12%"
"10/07/2021","19,981.00","19,957.85","20,052.05","19,915.70","","1.06%"
"10/06/2021","19,771.00","20,092.05","20,134.95","19,734.40","","-1.25%"
"10/05/2021","20,021.00","19,857.10","20,030.25","19,831.55","","0.72%"
"10/04/2021","19,878.45","19,775.90","19,900.05","19,746.80","","0.91%"
"10/01/2021","19,699.45","19,646.60","19,731.35","19,547.20","","-0.09%"
"09/30/2021","19,717.65","19,868.10","19,887.10","19,685.90","","-0.65%"
"09/29/2021","19,846.30","19,649.40","19,907.85","19,614.75","","0.59%"
"09/28/2021","19,729.15","19,848.70","19,888.15","19,590.85","","-0.26%"
"09/27/2021","19,781.00","19,879.40","19,882.35","19,728.80","","-0.03%"
"09/24/2021","19,787.30","19,894.30","19,930.30","19,727.35","","-0.23%"
"09/23/2021","19,833.30","19,723.50","19,854.00","19,702.10","","1.25%"
"09/22/2021","19,589.40","19,559.75","19,641.30","19,536.70","","0.29%"
"09/21/2021","19,532.25","19,351.40","19,548.20","19,276.60","","1.10%"
"09/20/2021","19,319.95","19,468.65","19,618.75","19,270.60","","-1.56%"
"09/17/2021","19,626.65","19,780.85","19,844.45","19,553.40","","-0.36%"
"09/16/2021","19,696.65","19,677.65","19,711.60","19,627.95","","0.39%"
"09/15/2021","19,620.55","19,460.90","19,634.65","19,455.05","","0.99%"
"09/14/2021","19,427.50","19,428.60","19,462.50","19,396.50","","0.37%"
"09/13/2021","19,355.35","19,302.35","19,367.20","19,223.25","","0.36%"
"09/09/2021","19,285.75","19,196.85","19,296.95","19,187.60","","0.19%"
"09/08/2021","19,248.35","19,277.85","19,290.75","19,144.25","","-0.10%"
"09/07/2021","19,266.70","19,347.35","19,371.70","19,220.45","","-0.24%"
"09/06/2021","19,312.35","19,357.35","19,360.90","19,271.55","","0.21%"
"09/03/2021","19,271.35","19,202.10","19,285.80","19,158.40","","0.55%"
"09/02/2021","19,166.80","19,046.50","19,181.95","19,015.10","","0.83%"
"09/01/2021","19,008.40","19,105.00","19,117.85","18,979.40","","-0.16%"
"08/31/2021","19,038.20","18,802.30","19,059.50","18,757.40","","1.40%"
"08/30/2021","18,774.80","18,588.30","18,797.05","18,580.40","","1.45%"
"08/27/2021","18,506.25","18,397.45","18,518.60","18,333.25","","0.73%"
"08/26/2021","18,371.35","18,399.35","18,428.50","18,313.95","","-0.18%"
"08/25/2021","18,405.30","18,456.65","18,508.50","18,380.90","","-0.02%"
"08/24/2021","18,409.40","18,295.20","18,428.75","18,243.65","","1.12%"
"08/23/2021","18,205.95","18,374.30","18,374.30","18,088.50","","-0.10%"
"08/20/2021","18,223.40","18,222.75","18,347.65","18,164.30","","-1.19%"
"08/18/2021","18,443.20","18,521.10","18,539.75","18,420.45","","-0.09%"
"08/17/2021","18,459.45","18,413.30","18,475.05","18,306.40","","0.27%"
"08/16/2021","18,409.20","18,403.50","18,440.15","18,354.65","","0.02%"
"08/13/2021","18,404.80","18,317.50","18,422.30","18,303.20","","0.51%"
"08/12/2021","18,311.10","18,246.35","18,322.40","18,229.45","","0.54%"
"08/11/2021","18,213.25","18,217.10","18,267.70","18,039.10","","0.22%"
"08/10/2021","18,173.90","18,272.95","18,300.05","18,079.25","","-0.36%"
"08/09/2021","18,240.30","18,335.45","18,358.25","18,164.70","","-0.12%"